Time,Volt
-1.280000E-03,-15.736495E-03
-1.277500E-03,-15.526068E-03
-1.275000E-03,-15.067524E-03
-1.272500E-03,-15.987751E-03
-1.270000E-03,-14.963884E-03
-1.267500E-03,-15.378455E-03
-1.265000E-03,-14.995285E-03
-1.262500E-03,-15.146044E-03
-1.260000E-03,-15.956343E-03
-1.257500E-03,-16.000319E-03
-1.255000E-03,-15.843281E-03
-1.252500E-03,-15.862121E-03
-1.250000E-03,-15.899813E-03
-1.247500E-03,-15.871542E-03
-1.245000E-03,-16.072543E-03
-1.242500E-03,-16.025443E-03
-1.240000E-03,-15.642275E-03
-1.237500E-03,-16.182473E-03
-1.235000E-03,-15.749059E-03
-1.232500E-03,-15.783609E-03
-1.230000E-03,-15.799310E-03
-1.227500E-03,-15.560619E-03
-1.225000E-03,-15.617155E-03
-1.222500E-03,-15.843275E-03
-1.220000E-03,-16.333221E-03
-1.217500E-03,-15.551185E-03
-1.215000E-03,-16.069398E-03
-1.212500E-03,-15.412993E-03
-1.210000E-03,-16.147912E-03
-1.207500E-03,-16.138495E-03
-1.205000E-03,-15.764752E-03
-1.202500E-03,-15.676815E-03
-1.200000E-03,-16.292407E-03
-1.197500E-03,-15.959499E-03
-1.195000E-03,-15.727089E-03
-1.192500E-03,-15.940659E-03
-1.190000E-03,-16.147929E-03
-1.187500E-03,-16.135362E-03
-1.185000E-03,-16.044286E-03
-1.182500E-03,-16.326962E-03
-1.180000E-03,-16.534241E-03
-1.177500E-03,-15.884118E-03
-1.175000E-03,-16.308125E-03
-1.172500E-03,-16.606470E-03
-1.170000E-03,-16.006589E-03
-1.167500E-03,-15.862103E-03
-1.165000E-03,-16.851449E-03
-1.162500E-03,-16.747772E-03
-1.160000E-03,-16.411741E-03
-1.157500E-03,-16.147932E-03
-1.155000E-03,-16.166759E-03
-1.152500E-03,-16.801188E-03
-1.150000E-03,-16.826314E-03
-1.147500E-03,-16.826306E-03
-1.145000E-03,-16.480855E-03
-1.142500E-03,-16.603350E-03
-1.140000E-03,-16.235848E-03
-1.137500E-03,-16.606456E-03
-1.135000E-03,-16.882832E-03
-1.132500E-03,-16.549969E-03
-1.130000E-03,-16.760373E-03
-1.127500E-03,-16.970803E-03
-1.125000E-03,-16.370950E-03
-1.122500E-03,-16.505915E-03
-1.120000E-03,-16.895418E-03
-1.117500E-03,-16.750917E-03
-1.115000E-03,-17.052411E-03
-1.112500E-03,-17.108989E-03
-1.110000E-03,-17.369637E-03
-1.107500E-03,-16.967634E-03
-1.105000E-03,-17.294311E-03
-1.102500E-03,-16.948827E-03
-1.100000E-03,-17.093289E-03
-1.097500E-03,-17.331976E-03
-1.095000E-03,-16.355249E-03
-1.092500E-03,-17.083853E-03
-1.090000E-03,-17.030520E-03
-1.087500E-03,-17.187533E-03
-1.085000E-03,-17.331957E-03
-1.082500E-03,-17.382208E-03
-1.080000E-03,-17.272314E-03
-1.077500E-03,-17.086986E-03
-1.075000E-03,-16.967678E-03
-1.072500E-03,-17.156093E-03
-1.070000E-03,-17.002190E-03
-1.067500E-03,-16.977056E-03
-1.065000E-03,-17.168660E-03
-1.062500E-03,-16.842035E-03
-1.060000E-03,-17.369695E-03
-1.057500E-03,-17.341403E-03
-1.055000E-03,-17.272294E-03
-1.052500E-03,-17.536091E-03
-1.050000E-03,-17.250296E-03
-1.047500E-03,-17.655392E-03
-1.045000E-03,-16.684987E-03
-1.042500E-03,-16.684987E-03
-1.040000E-03,-17.130981E-03
-1.037500E-03,-16.732093E-03
-1.035000E-03,-16.961360E-03
-1.032500E-03,-17.017916E-03
-1.030000E-03,-16.901710E-03
-1.027500E-03,-16.760345E-03
-1.025000E-03,-17.218897E-03
-1.022500E-03,-16.772917E-03
-1.020000E-03,-16.719525E-03
-1.017500E-03,-16.449434E-03
-1.015000E-03,-16.590792E-03
-1.012500E-03,-16.512228E-03
-1.010000E-03,-17.099571E-03
-1.007500E-03,-16.606470E-03
-1.005000E-03,-17.165467E-03
-1.002500E-03,-16.424298E-03
-1.000000E-03,-16.842028E-03
"-0,9975",-17.030519E-03
"-0,995",-16.537424E-03
"-0,9925",-16.352006E-03
"-0,99",-16.609549E-03
"-0,9875",-16.433754E-03
"-0,985",-16.537391E-03
"-0,9825",-16.769734E-03
"-0,98",-16.788665E-03
"-0,9775",-16.593842E-03
"-0,975",-16.889127E-03
"-0,9725",-16.688104E-03
"-0,97",-16.738355E-03
"-0,9675",-16.223219E-03
"-0,965",-16.597127E-03
"-0,9625",-16.025415E-03
"-0,96",-16.885986E-03
"-0,9575",-15.614082E-03
"-0,955",-16.490238E-03
"-0,9525",-16.141633E-03
"-0,95",-16.323730E-03
"-0,9475",-16.370917E-03
"-0,945",-16.898484E-03
"-0,9425",-16.257904E-03
"-0,94",-16.248489E-03
"-0,9375",-16.213849E-03
"-0,935",-16.085140E-03
"-0,9325",-16.713267E-03
"-0,93",-16.967684E-03
"-0,9275",-16.100789E-03
"-0,925",-16.308075E-03
"-0,9225",-15.997215E-03
"-0,92",-16.107119E-03
"-0,9175",-16.405479E-03
"-0,915",-16.471511E-03
"-0,9125",-16.590816E-03
"-0,91",-16.537288E-03
"-0,9075",-15.767931E-03
"-0,905",-15.321864E-03
"-0,9025",-15.739606E-03
"-0,9",-16.151009E-03
"-0,8975",-16.012884E-03
"-0,895",-16.094468E-03
"-0,8925",-16.173083E-03
"-0,89",-15.538555E-03
"-0,8875",-16.402309E-03
"-0,885",-15.497740E-03
"-0,8825",-15.230849E-03
"-0,88",-16.348901E-03
"-0,8775",-16.144841E-03
"-0,875",-15.742800E-03
"-0,8725",-16.556250E-03
"-0,87",-15.708165E-03
"-0,8675",-16.483958E-03
"-0,865",-16.151028E-03
"-0,8625",-15.617124E-03
"-0,86",-15.683152E-03
"-0,8575",-15.990949E-03
"-0,855",-15.833881E-03
"-0,8525",-16.267299E-03
"-0,85",-16.308086E-03
"-0,8475",-15.799334E-03
"-0,845",-16.490213E-03
"-0,8425",-16.374159E-03
"-0,84",-15.877801E-03
"-0,8375",-16.135321E-03
"-0,835",-16.056847E-03
"-0,8325",-16.229499E-03
"-0,83",-16.085139E-03
"-0,8275",-15.742776E-03
"-0,825",-15.852683E-03
"-0,8225",-16.151112E-03
"-0,82",-16.207636E-03
"-0,8175",-15.893584E-03
"-0,815",-15.924955E-03
"-0,8125",-16.527925E-03
"-0,81",-16.044293E-03
"-0,8075",-16.468215E-03
"-0,805",-16.411755E-03
"-0,8025",-16.169949E-03
"-0,8",-16.402343E-03
"-0,7975",-15.545024E-03
"-0,795",-16.163602E-03
"-0,7925",-16.653627E-03
"-0,79",-16.220334E-03
"-0,7875",-15.774240E-03
"-0,785",-16.688090E-03
"-0,7825",-16.075720E-03
"-0,78",-16.088205E-03
"-0,7775",-16.666153E-03
"-0,775",-16.198256E-03
"-0,7725",-15.874656E-03
"-0,77",-16.876550E-03
"-0,7675",-16.235807E-03
"-0,765",-16.540475E-03
"-0,7625",-16.512209E-03
"-0,76",-16.264143E-03
"-0,7575",-16.270303E-03
"-0,755",-16.213882E-03
"-0,7525",-16.405301E-03
"-0,75",-16.606377E-03
"-0,7475",-16.238987E-03
"-0,745",-16.348973E-03
"-0,7425",-16.584339E-03
"-0,74",-16.502701E-03
"-0,7375",-16.433773E-03
"-0,735",-16.383522E-03
"-0,7325",-16.578235E-03
"-0,73",-16.527952E-03
"-0,7275",-16.493415E-03
"-0,725",-17.061893E-03
"-0,7225",-16.524855E-03
"-0,72",-17.005350E-03
"-0,7175",-15.601281E-03
"-0,715",-16.286031E-03
"-0,7125",-16.402368E-03
"-0,71",-16.612828E-03
"-0,7075",-17.033583E-03
"-0,705",-16.889189E-03
"-0,7025",-16.151012E-03
"-0,7",-16.810638E-03
"-0,6975",-16.769752E-03
"-0,695",-16.537306E-03
"-0,6925",-16.926753E-03
"-0,69",-16.939259E-03
"-0,6875",-16.685022E-03
"-0,685",-17.275474E-03
"-0,6825",-16.873487E-03
"-0,68",-16.650474E-03
"-0,6775",-16.386562E-03
"-0,675",-16.653615E-03
"-0,6725",-16.452587E-03
"-0,67",-17.426347E-03
"-0,6675",-16.958335E-03
"-0,665",-16.631560E-03
"-0,6625",-16.606470E-03
"-0,66",-16.327019E-03
"-0,6575",-16.593883E-03
"-0,655",-16.565568E-03
"-0,6525",-16.826380E-03
"-0,65",-16.732049E-03
"-0,6475",-16.889011E-03
"-0,645",-16.838968E-03
"-0,6425",-15.984721E-03
"-0,64",-16.933053E-03
"-0,6375",-17.077699E-03
"-0,635",-16.713241E-03
"-0,6325",-16.885955E-03
"-0,63",-16.421193E-03
"-0,6275",-16.923605E-03
"-0,625",-16.527977E-03
"-0,6225",-16.977174E-03
"-0,62",-16.829625E-03
"-0,6175",-17.237777E-03
"-0,615",-16.540592E-03
"-0,6125",-16.684987E-03
"-0,61",-17.068114E-03
"-0,6075",-16.389735E-03
"-0,605",-16.999058E-03
"-0,6025",-16.782401E-03
"-0,6",-16.370983E-03
"-0,5975",-16.399368E-03
"-0,595",-15.987936E-03
"-0,5925",-16.383453E-03
"-0,59",-16.204300E-03
"-0,5875",-16.841955E-03
"-0,585",-16.471245E-03
"-0,5825",-16.798026E-03
"-0,58",-16.458870E-03
"-0,5775",-16.612724E-03
"-0,575",-16.669297E-03
"-0,5725",-16.757264E-03
"-0,57",-16.097662E-03
"-0,5675",-16.763505E-03
"-0,565",-16.619046E-03
"-0,5625",-16.763394E-03
"-0,56",-17.196964E-03
"-0,5575",-17.052464E-03
"-0,555",-16.958214E-03
"-0,5525",-16.399197E-03
"-0,55",-16.182517E-03
"-0,5475",-16.810474E-03
"-0,545",-16.260921E-03
"-0,5425",-16.688228E-03
"-0,54",-16.694438E-03
"-0,5375",-16.794926E-03
"-0,535",-16.565669E-03
"-0,5325",-16.587582E-03
"-0,53",-16.948922E-03
"-0,5275",-16.729044E-03
"-0,525",-15.915398E-03
"-0,5225",-16.103811E-03
"-0,52",-16.615951E-03
"-0,5175",-17.099472E-03
"-0,515",-16.684987E-03
"-0,5125",-16.543715E-03
"-0,51",-16.025291E-03
"-0,5075",-16.929873E-03
"-0,505",-16.085083E-03
"-0,5025",-16.107158E-03
"-0,5",-15.899917E-03
"-0,4975",-16.408560E-03
"-0,495",-16.213882E-03
"-0,4925",-16.361403E-03
"-0,49",-16.176300E-03
"-0,4875",-16.355198E-03
"-0,485",-15.698975E-03
"-0,4825",-16.116551E-03
"-0,48",-16.619079E-03
"-0,4775",-16.389823E-03
"-0,475",-16.339494E-03
"-0,4725",-16.512171E-03
"-0,47",-15.821294E-03
"-0,4675",-16.088175E-03
"-0,465",-16.590845E-03
"-0,4625",-16.166834E-03
"-0,46",-16.063239E-03
"-0,4575",-15.651743E-03
"-0,455",-16.273523E-03
"-0,4525",-15.840042E-03
"-0,45",-15.884204E-03
"-0,4475",-16.556202E-03
"-0,445",-15.937516E-03
"-0,4425",-16.697356E-03
"-0,44",-16.424276E-03
"-0,4375",-15.742760E-03
"-0,435",-16.333277E-03
"-0,4325",-15.792995E-03
"-0,43",-16.006480E-03
"-0,4275",-16.471386E-03
"-0,425",-16.590750E-03
"-0,4225",-16.063161E-03
"-0,42",-15.968923E-03
"-0,4175",-15.927878E-03
"-0,415",-16.176060E-03
"-0,4125",-16.166704E-03
"-0,41",-16.198094E-03
"-0,4075",-16.352022E-03
"-0,405",-16.411848E-03
"-0,4025",-15.651848E-03
"-0,4",-15.695819E-03
"-0,3975",-16.088424E-03
"-0,395",-15.752267E-03
"-0,3925",-15.937568E-03
"-0,39",-16.279905E-03
"-0,3875",-16.088133E-03
"-0,385",-15.930959E-03
"-0,3825",-16.493352E-03
"-0,38",-16.154330E-03
"-0,3775",-16.257695E-03
"-0,375",-16.213917E-03
"-0,3725",-16.229673E-03
"-0,37",-15.579354E-03
"-0,3675",-16.176211E-03
"-0,365",-15.915427E-03
"-0,3625",-16.732062E-03
"-0,36",-15.896653E-03
"-0,3575",-16.213882E-03
"-0,355",-16.213882E-03
"-0,3525",-15.990641E-03
"-0,35",-16.261064E-03
"-0,3475",-16.254675E-03
"-0,345",-16.320521E-03
"-0,3425",-16.546742E-03
"-0,34",-16.352091E-03
"-0,3375",-16.245362E-03
"-0,335",-16.443025E-03
"-0,3325",-16.842022E-03
"-0,33",-16.144805E-03
"-0,3275",-16.452557E-03
"-0,325",-16.559507E-03
"-0,3225",-16.465231E-03
"-0,32",-16.568763E-03
"-0,3175",-16.010108E-03
"-0,315",-15.896783E-03
"-0,3125",-17.077482E-03
"-0,31",-16.597179E-03
"-0,3075",-16.053649E-03
"-0,305",-16.487104E-03
"-0,3025",-16.534290E-03
"-0,3",-16.417990E-03
"-0,2975",-16.672349E-03
"-0,295",-16.154170E-03
"-0,2925",-16.571884E-03
"-0,29",-16.518492E-03
"-0,2875",-16.527952E-03
"-0,285",-16.527952E-03
"-0,2825",-16.553155E-03
"-0,28",-15.881025E-03
"-0,2775",-16.119757E-03
"-0,275",-16.543597E-03
"-0,2725",-16.656838E-03
"-0,27",-16.094359E-03
"-0,2675",-16.804256E-03
"-0,265",-16.744778E-03
"-0,2625",-16.135266E-03
"-0,26",-16.515508E-03
"-0,2575",-16.496446E-03
"-0,255",-16.289318E-03
"-0,2525",-16.345752E-03
"-0,25",-15.742796E-03
"-0,2475",-16.310964E-03
"-0,245",-16.367716E-03
"-0,2425",-15.793168E-03
"-0,24",-16.650359E-03
"-0,2375",-16.700610E-03
"-0,235",-16.308204E-03
"-0,2325",-16.675585E-03
"-0,23",-16.323705E-03
"-0,2275",-16.556340E-03
"-0,225",-16.700548E-03
"-0,2225",-16.703852E-03
"-0,22",-16.424227E-03
"-0,2175",-16.678726E-03
"-0,215",-16.666164E-03
"-0,2125",-16.135364E-03
"-0,21",-16.687942E-03
"-0,2075",-16.989553E-03
"-0,205",-16.556281E-03
"-0,2025",-16.829543E-03
"-0,2",-16.276821E-03
"-0,1975",-16.697425E-03
"-0,195",-16.644179E-03
"-0,1925",-16.415055E-03
"-0,19",-16.144934E-03
"-0,1875",-17.234420E-03
"-0,185",-16.160447E-03
"-0,1825",-16.581365E-03
"-0,18",-16.521586E-03
"-0,1775",-16.876655E-03
"-0,175",-16.810573E-03
"-0,1725",-16.669177E-03
"-0,17",-16.393030E-03
"-0,1675",-16.383544E-03
"-0,165",-16.622065E-03
"-0,1625",-16.292291E-03
"-0,16",-16.725773E-03
"-0,1575",-16.452857E-03
"-0,155",-16.418136E-03
"-0,1525",-16.779099E-03
"-0,15",-16.732229E-03
"-0,1475",-16.691422E-03
"-0,145",-16.546972E-03
"-0,1425",-16.684987E-03
"-0,14",-16.169670E-03
"-0,1375",-16.653514E-03
"-0,135",-16.952168E-03
"-0,1325",-15.937522E-03
"-0,13",-16.502804E-03
"-0,1275",-16.370917E-03
"-0,125",-16.213949E-03
"-0,1225",-16.512137E-03
"-0,12",-16.323918E-03
"-0,1175",-16.521581E-03
"-0,115",-16.744458E-03
"-0,1125",-16.214107E-03
"-0,11",-16.125874E-03
"-0,1075",-16.735306E-03
"-0,105",-15.918474E-03
"-0,1025",-15.934336E-03
"-0,1",-16.386689E-03
"-0,0975",-16.352050E-03
"-0,095",-16.201273E-03
"-0,0925",-16.750988E-03
"-0,09",-16.201526E-03
"-0,0875",-16.559451E-03
"-0,085",-16.223258E-03
"-0,0825",-16.279906E-03
"-0,08",-16.433499E-03
"-0,0775",-16.047494E-03
"-0,075",-16.308196E-03
"-0,0725",-16.386737E-03
"-0,07",-16.402441E-03
"-0,0675",-15.912679E-03
"-0,065",-16.439848E-03
"-0,0625",-15.899976E-03
"-0,06",-16.449434E-03
"-0,0575",-16.603258E-03
"-0,055",-16.207506E-03
"-0,0525",-16.223114E-03
"-0,05",-16.166700E-03
"-0,0475",-16.229704E-03
"-0,045",-16.660124E-03
"-0,0425",-16.615796E-03
"-0,04",-16.389857E-03
"-0,0375",-16.433899E-03
"-0,035",-16.625338E-03
"-0,0325",-15.937644E-03
"-0,03",-16.191680E-03
"-0,0275",-16.785562E-03
"-0,025",-16.355044E-03
"-0,0225",-16.015823E-03
"-0,02",-16.540442E-03
"-0,0175",-15.620581E-03
"-0,015",-16.012608E-03
"-0,0125",-16.653384E-03
"-0,01",-16.238713E-03
"-0,0075",-16.254686E-03
"-0,005",-16.295466E-03
"-0,0025",-16.317574E-03
-0.0E+00,+988.117505E-03
"0,0025",+1.022566598E+00
"0,005",+1.014708556E+00
"0,0075",+1.004262624E+00
"0,01",+991.287903E-03
"0,0125",+978.727902E-03
"0,015",+961.689758E-03
"0,0175",+943.900635E-03
"0,02",+925.552767E-03
"0,0225",+906.501232E-03
"0,025",+886.626404E-03
"0,0275",+864.054012E-03
"0,03",+840.583581E-03
"0,0325",+817.194911E-03
"0,035",+792.737944E-03
"0,0375",+766.573044E-03
"0,04",+741.839848E-03
"0,0425",+714.565796E-03
"0,045",+686.456341E-03
"0,0475",+658.912675E-03
"0,05",+629.465152E-03
"0,0525",+598.422640E-03
"0,055",+568.755654E-03
"0,0575",+538.410328E-03
"0,06",+507.323227E-03
"0,0625",+475.460033E-03
"0,065",+444.085283E-03
"0,0675",+410.064502E-03
"0,07",+378.070749E-03
"0,0725",+345.246678E-03
"0,075",+310.620888E-03
"0,0775",+279.157158E-03
"0,08",+245.033646E-03
"0,0825",+211.207686E-03
"0,085",+177.583837E-03
"0,0875",+144.932867E-03
"0,09",+112.131090E-03
"0,0925",+78.874573E-03
"0,095",+45.963137E-03
"0,0975",+14.766764E-03
"0,1",-15.682281E-03
"0,1025",-45.088719E-03
"0,105",-77.727368E-03
"0,1075",-108.279896E-03
"0,11",-139.219373E-03
"0,1125",-170.315645E-03
"0,115",-199.734216E-03
"0,1175",-228.936833E-03
"0,12",-257.755717E-03
"0,1225",-284.957111E-03
"0,125",-313.562752E-03
"0,1275",-341.577642E-03
"0,13",-367.349796E-03
"0,1325",-392.610751E-03
"0,135",-416.545974E-03
"0,1375",-441.326019E-03
"0,14",-464.193622E-03
"0,1425",-485.973911E-03
"0,145",-508.015509E-03
"0,1475",-527.600994E-03
"0,15",-546.460591E-03
"0,1525",-566.196941E-03
"0,155",-584.428811E-03
"0,1575",-602.893121E-03
"0,16",-618.957156E-03
"0,1625",-633.960549E-03
"0,165",-648.150027E-03
"0,1675",-662.059870E-03
"0,17",-673.504904E-03
"0,1725",-684.546946E-03
"0,175",-694.496949E-03
"0,1775",-703.742816E-03
"0,18",-710.485598E-03
"0,1825",-718.485055E-03
"0,185",-724.641004E-03
"0,1875",-728.761665E-03
"0,19",-734.288907E-03
"0,1925",-736.832877E-03
"0,195",-739.116425E-03
"0,1975",-740.682924E-03
"0,2",-740.570230E-03
"0,2025",-739.043619E-03
"0,205",-738.050870E-03
"0,2075",-734.498734E-03
"0,21",-730.440973E-03
"0,2125",-726.153682E-03
"0,215",-719.997989E-03
"0,2175",-712.683087E-03
"0,22",-706.354974E-03
"0,2225",-697.943735E-03
"0,225",-688.653387E-03
"0,2275",-679.382058E-03
"0,23",-668.276034E-03
"0,2325",-657.967922E-03
"0,235",-644.265264E-03
"0,2375",-631.099608E-03
"0,24",-617.456009E-03
"0,2425",-602.465517E-03
"0,245",-587.170200E-03
"0,2475",-571.720634E-03
"0,25",-554.214379E-03
"0,2525",-536.840034E-03
"0,255",-520.687897E-03
"0,2575",-502.936519E-03
"0,26",-484.616466E-03
"0,2625",-466.039053E-03
"0,265",-446.045451E-03
"0,2675",-425.800323E-03
"0,27",-406.472700E-03
"0,2725",-385.944879E-03
"0,275",-365.520581E-03
"0,2775",-345.232024E-03
"0,28",-323.696337E-03
"0,2825",-301.013661E-03
"0,285",-279.892486E-03
"0,2875",-258.092618E-03
"0,29",-236.264694E-03
"0,2925",-214.213872E-03
"0,295",-192.709684E-03
"0,2975",-170.275544E-03
"0,3",-146.754690E-03
"0,3025",-125.006017E-03
"0,305",-103.699420E-03
"0,3075",-82.634412E-03
"0,31",-58.962927E-03
"0,3125",-38.746153E-03
"0,315",-19.271202E-03
"0,3175","0,82921"
"0,32",+20.540299E-03
"0,3225",+40.942095E-03
"0,325",+61.991185E-03
"0,3275",+81.642786E-03
"0,33",+101.319110E-03
"0,3325",+121.482211E-03
"0,335",+141.240472E-03
"0,3375",+159.415257E-03
"0,34",+177.412052E-03
"0,3425",+195.640760E-03
"0,345",+213.696950E-03
"0,3475",+230.964320E-03
"0,35",+246.759173E-03
"0,3525",+263.938445E-03
"0,355",+278.976420E-03
"0,3575",+293.567942E-03
"0,36",+306.755410E-03
"0,3625",+321.837419E-03
"0,365",+334.830162E-03
"0,3675",+347.609719E-03
"0,37",+359.792414E-03
"0,3725",+371.262361E-03
"0,375",+382.263448E-03
"0,3775",+392.217010E-03
"0,38",+400.705597E-03
"0,3825",+409.666313E-03
"0,385",+418.654783E-03
"0,3875",+425.213281E-03
"0,39",+433.739487E-03
"0,3925",+440.002276E-03
"0,395",+444.722334E-03
"0,3975",+449.568796E-03
"0,4",+453.934116E-03
"0,4025",+456.908200E-03
"0,405",+460.224523E-03
"0,4075",+461.503148E-03
"0,41",+462.454683E-03
"0,4125",+463.167525E-03
"0,415",+463.151855E-03
"0,4175",+462.978952E-03
"0,42",+461.732126E-03
"0,4225",+460.714374E-03
"0,425",+458.315074E-03
"0,4275",+455.095457E-03
"0,43",+451.408370E-03
"0,4325",+446.985697E-03
"0,435",+442.636185E-03
"0,4375",+437.146136E-03
"0,44",+430.748322E-03
"0,4425",+424.011546E-03
"0,445",+416.615088E-03
"0,4475",+408.716084E-03
"0,45",+401.325740E-03
"0,4525",+392.516099E-03
"0,455",+383.258007E-03
"0,4575",+373.725568E-03
"0,46",+363.580893E-03
"0,4625",+353.759643E-03
"0,465",+342.280707E-03
"0,4675",+330.621874E-03
"0,47",+318.719011E-03
"0,4725",+306.206277E-03
"0,475",+295.264200E-03
"0,4775",+282.616687E-03
"0,48",+270.392728E-03
"0,4825",+256.263075E-03
"0,485",+242.292270E-03
"0,4875",+229.607308E-03
"0,49",+216.146182E-03
"0,4925",+201.409725E-03
"0,495",+186.676887E-03
"0,4975",+173.096174E-03
"0,5",+159.114481E-03
"0,5025",+144.299402E-03
"0,505",+129.996257E-03
"0,5075",+116.001590E-03
"0,51",+100.505356E-03
"0,5125",+85.292063E-03
"0,515",+71.177635E-03
"0,5175",+56.626510E-03
"0,52",+42.480918E-03
"0,5225",+28.118340E-03
"0,525",+14.908608E-03
"0,5275","0,857447"
"0,53",-11.837593E-03
"0,5325",-25.181815E-03
"0,535",-38.564495E-03
"0,5375",-51.061671E-03
"0,54",-65.603201E-03
"0,5425",-79.723912E-03
"0,545",-93.853481E-03
"0,5475",-104.867331E-03
"0,55",-118.068274E-03
"0,5525",-130.084678E-03
"0,555",-142.478073E-03
"0,5575",-154.864691E-03
"0,56",-166.984951E-03
"0,5625",-178.982441E-03
"0,565",-189.443806E-03
"0,5675",-199.999355E-03
"0,57",-210.194080E-03
"0,5725",-220.338589E-03
"0,575",-230.331879E-03
"0,5775",-239.672655E-03
"0,58",-247.505391E-03
"0,5825",-256.528381E-03
"0,585",-264.531398E-03
"0,5875",-271.946745E-03
"0,59",-279.135419E-03
"0,5925",-285.250334E-03
"0,595",-291.714264E-03
"0,5975",-298.180394E-03
"0,6",-303.573019E-03
"0,6025",-308.353497E-03
"0,605",-313.532191E-03
"0,6075",-318.651320E-03
"0,61",-321.431280E-03
"0,6125",-324.945400E-03
"0,615",-327.712579E-03
"0,6175",-329.888575E-03
"0,62",-332.209885E-03
"0,6225",-333.510210E-03
"0,625",-334.838029E-03
"0,6275",-335.589210E-03
"0,63",-335.406459E-03
"0,6325",-334.520965E-03
"0,635",-333.980949E-03
"0,6375",-332.749571E-03
"0,64",-330.526138E-03
"0,6425",-329.131184E-03
"0,645",-326.546607E-03
"0,6475",-323.835361E-03
"0,65",-321.285593E-03
"0,6525",-316.917359E-03
"0,655",-312.733269E-03
"0,6575",-308.465239E-03
"0,66",-303.179210E-03
"0,6625",-298.577966E-03
"0,665",-292.808905E-03
"0,6675",-287.437587E-03
"0,67",-281.276015E-03
"0,6725",-275.779670E-03
"0,675",-268.364430E-03
"0,6775",-262.469707E-03
"0,68",-255.295923E-03
"0,6825",-246.854280E-03
"0,685",-239.931827E-03
"0,6875",-231.979109E-03
"0,69",-223.103404E-03
"0,6925",-215.131878E-03
"0,695",-206.068454E-03
"0,6975",-198.138176E-03
"0,7",-189.610668E-03
"0,7025",-181.555068E-03
"0,705",-171.664915E-03
"0,7075",-161.966920E-03
"0,71",-151.426219E-03
"0,7125",-142.029540E-03
"0,715",-132.754887E-03
"0,7175",-122.990516E-03
"0,72",-113.938737E-03
"0,7225",-104.595027E-03
"0,725",-95.295711E-03
"0,7275",-84.950388E-03
"0,73",-75.298345E-03
"0,7325",-63.970525E-03
"0,735",-53.730936E-03
"0,7375",-44.651744E-03
"0,74",-36.325738E-03
"0,7425",-27.708075E-03
"0,745",-19.403937E-03
"0,7475",-10.747688E-03
"0,75",-1.451635E-03
"0,7525",+6.676664E-03
"0,755",+16.384934E-03
"0,7575",+24.164458E-03
"0,76",+32.279959E-03
"0,7625",+41.058305E-03
"0,765",+49.512686E-03
"0,7675",+57.201051E-03
"0,77",+65.257154E-03
"0,7725",+74.185859E-03
"0,775",+81.399698E-03
"0,7775",+88.815814E-03
"0,78",+95.941833E-03
"0,7825",+103.582608E-03
"0,785",+111.400299E-03
"0,7875",+117.518550E-03
"0,79",+124.075581E-03
"0,7925",+130.555653E-03
"0,795",+136.340150E-03
"0,7975",+141.635376E-03
"0,8",+147.229010E-03
"0,8025",+151.796278E-03
"0,805",+157.012223E-03
"0,8075",+160.881530E-03
"0,81",+164.279651E-03
"0,8125",+168.773715E-03
"0,815",+172.804006E-03
"0,8175",+175.428988E-03
"0,82",+179.289480E-03
"0,8225",+181.016909E-03
"0,825",+183.110987E-03
"0,8275",+185.994356E-03
"0,83",+187.520494E-03
"0,8325",+189.671917E-03
"0,835",+190.654957E-03
"0,8375",+191.921029E-03
"0,84",+192.605130E-03
"0,8425",+193.678922E-03
"0,845",+193.258560E-03
"0,8475",+192.513556E-03
"0,85",+192.375570E-03
"0,8525",+191.298761E-03
"0,855",+189.951276E-03
"0,8575",+189.259991E-03
"0,86",+187.155967E-03
"0,8625",+185.591566E-03
"0,865",+183.408610E-03
"0,8675",+181.260908E-03
"0,87",+179.108654E-03
"0,8725",+175.786827E-03
"0,875",+172.463755E-03
"0,8775",+169.530296E-03
"0,88",+165.669955E-03
"0,8825",+162.497551E-03
"0,885",+158.983437E-03
"0,8875",+155.314928E-03
"0,89",+150.902322E-03
"0,8925",+146.178200E-03
"0,895",+141.700060E-03
"0,8975",+137.054916E-03
"0,9",+132.465716E-03
"0,9025",+126.518150E-03
"0,905",+120.776648E-03
"0,9075",+115.864122E-03
"0,91",+109.868814E-03
"0,9125",+104.090215E-03
"0,915",+98.103906E-03
"0,9175",+91.731461E-03
"0,92",+85.336690E-03
"0,9225",+80.330705E-03
"0,925",+73.687904E-03
"0,9275",+66.910563E-03
"0,93",+60.958674E-03
"0,9325",+54.492178E-03
"0,935",+48.351717E-03
"0,9375",+41.966537E-03
"0,94",+35.697692E-03
"0,9425",+29.146398E-03
"0,945",+23.100843E-03
"0,9475",+16.831869E-03
"0,95",+10.575501E-03
"0,9525",+4.133831E-03
"0,955",-1.814619E-03
"0,9575",-7.524894E-03
"0,96",-13.133760E-03
"0,9625",-19.606621E-03
"0,965",-24.622282E-03
"0,9675",-30.225341E-03
"0,97",-36.142297E-03
"0,9725",-41.409170E-03
"0,975",-46.098154E-03
"0,9775",-52.402244E-03
"0,98",-58.168228E-03
"0,9825",-63.708648E-03
"0,985",-69.851778E-03
"0,9875",-75.401358E-03
"0,99",-81.038659E-03
"0,9925",-86.177202E-03
"0,995",-90.605331E-03
"0,9975",-96.223303E-03
+1.000000E-03,-100.149843E-03
+1.002500E-03,-104.238907E-03
+1.005000E-03,-108.060923E-03
+1.007500E-03,-112.577564E-03
+1.010000E-03,-116.176944E-03
+1.012500E-03,-119.873287E-03
+1.015000E-03,-122.819578E-03
+1.017500E-03,-125.734151E-03
+1.020000E-03,-129.329991E-03
+1.022500E-03,-132.797017E-03
+1.025000E-03,-135.765160E-03
+1.027500E-03,-138.446876E-03
+1.030000E-03,-140.617370E-03
+1.032500E-03,-142.812856E-03
+1.035000E-03,-144.420941E-03
+1.037500E-03,-146.380472E-03
+1.040000E-03,-148.063576E-03
+1.042500E-03,-150.262606E-03
+1.045000E-03,-150.576407E-03
+1.047500E-03,-152.489455E-03
+1.050000E-03,-153.070261E-03
+1.052500E-03,-153.758255E-03
+1.055000E-03,-154.364051E-03
+1.057500E-03,-154.665559E-03
+1.060000E-03,-155.111493E-03
+1.062500E-03,-153.934046E-03
+1.065000E-03,-154.200010E-03
+1.067500E-03,-153.990443E-03
+1.070000E-03,-153.251789E-03
+1.072500E-03,-152.592513E-03
+1.075000E-03,-151.028579E-03
+1.077500E-03,-149.517627E-03
+1.080000E-03,-148.644922E-03
+1.082500E-03,-147.507987E-03
+1.085000E-03,-144.992238E-03
+1.087500E-03,-143.192661E-03
+1.090000E-03,-141.333136E-03
+1.092500E-03,-139.416894E-03
+1.095000E-03,-137.401387E-03
+1.097500E-03,-134.084254E-03
+1.100000E-03,-131.979936E-03
+1.102500E-03,-128.977194E-03
+1.105000E-03,-125.714278E-03
+1.107500E-03,-123.141443E-03
+1.110000E-03,-120.431476E-03
+1.112500E-03,-117.453904E-03
+1.115000E-03,-114.272556E-03
+1.117500E-03,-110.406396E-03
+1.120000E-03,-106.810012E-03
+1.122500E-03,-103.543773E-03
+1.125000E-03,-101.011901E-03
+1.127500E-03,-96.989123E-03
+1.130000E-03,-93.455506E-03
+1.132500E-03,-88.977048E-03
+1.135000E-03,-84.843509E-03
+1.137500E-03,-80.236516E-03
+1.140000E-03,-75.953016E-03
+1.142500E-03,-71.787928E-03
+1.145000E-03,-67.079404E-03
+1.147500E-03,-62.733185E-03
+1.150000E-03,-58.377122E-03
+1.152500E-03,-53.713412E-03
+1.155000E-03,-48.628988E-03
+1.157500E-03,-44.598666E-03
+1.160000E-03,-41.744236E-03
+1.162500E-03,-37.946512E-03
+1.165000E-03,-34.155918E-03
+1.167500E-03,-29.822266E-03
+1.170000E-03,-25.748443E-03
+1.172500E-03,-22.646137E-03
+1.175000E-03,-18.773176E-03
+1.177500E-03,-15.199292E-03
+1.180000E-03,-10.557570E-03
+1.182500E-03,-6.932628E-03
+1.185000E-03,-2.448083E-03
+1.187500E-03,"0,824959"
+1.190000E-03,+4.364580E-03
+1.192500E-03,+7.611877E-03
+1.195000E-03,+11.770742E-03
+1.197500E-03,+15.077282E-03
+1.200000E-03,+18.585879E-03
+1.202500E-03,+22.272490E-03
+1.205000E-03,+24.650435E-03
+1.207500E-03,+28.309067E-03
+1.210000E-03,+32.081581E-03
+1.212500E-03,+35.168797E-03
+1.215000E-03,+38.217699E-03
+1.217500E-03,+40.282009E-03
+1.220000E-03,+43.529256E-03
+1.222500E-03,+46.318249E-03
+1.225000E-03,+48.515969E-03
+1.227500E-03,+51.239346E-03
+1.230000E-03,+53.582650E-03
+1.232500E-03,+55.529499E-03
+1.235000E-03,+57.655707E-03
+1.237500E-03,+60.011283E-03
+1.240000E-03,+61.355359E-03
+1.242500E-03,+63.289740E-03
+1.245000E-03,+64.810279E-03
+1.247500E-03,+65.865068E-03
+1.250000E-03,+67.721663E-03
+1.252500E-03,+69.175711E-03
+1.255000E-03,+70.601493E-03
+1.257500E-03,+71.025635E-03
+1.260000E-03,+72.059172E-03
+1.262500E-03,+72.511483E-03
+1.265000E-03,+73.390634E-03
+1.267500E-03,+73.692290E-03
+1.270000E-03,+73.933533E-03
+1.272500E-03,+74.525119E-03
+1.275000E-03,+74.442475E-03
+1.277500E-03,+74.329903E-03
+1.280000E-03,+74.520795E-03
+1.282500E-03,+74.046449E-03
+1.285000E-03,+73.871263E-03
+1.287500E-03,+73.154935E-03
+1.290000E-03,+72.300713E-03
+1.292500E-03,+71.650091E-03
+1.295000E-03,+70.476263E-03
+1.297500E-03,+69.259617E-03
+1.300000E-03,+68.364964E-03
+1.302500E-03,+67.538610E-03
+1.305000E-03,+65.604485E-03
+1.307500E-03,+63.955566E-03
+1.310000E-03,+62.488807E-03
+1.312500E-03,+61.361294E-03
+1.315000E-03,+59.862778E-03
+1.317500E-03,+58.402901E-03
+1.320000E-03,+56.408404E-03
+1.322500E-03,+54.611570E-03
+1.325000E-03,+52.614032E-03
+1.327500E-03,+50.003905E-03
+1.330000E-03,+47.604457E-03
+1.332500E-03,+45.657977E-03
+1.335000E-03,+42.808703E-03
+1.337500E-03,+41.040789E-03
+1.340000E-03,+38.691745E-03
+1.342500E-03,+36.113025E-03
+1.345000E-03,+34.080989E-03
+1.347500E-03,+31.430844E-03
+1.350000E-03,+28.822842E-03
+1.352500E-03,+25.409760E-03
+1.355000E-03,+22.750093E-03
+1.357500E-03,+20.230485E-03
+1.360000E-03,+17.899828E-03
+1.362500E-03,+15.491316E-03
+1.365000E-03,+12.381202E-03
+1.367500E-03,+9.712114E-03
+1.370000E-03,+6.845112E-03
+1.372500E-03,+3.735252E-03
+1.375000E-03,+2.001891E-03
+1.377500E-03,"-0,931424"
+1.380000E-03,-3.777723E-03
+1.382500E-03,-5.623738E-03
+1.385000E-03,-8.987689E-03
+1.387500E-03,-12.335267E-03
+1.390000E-03,-14.659491E-03
+1.392500E-03,-17.555788E-03
+1.395000E-03,-19.222986E-03
+1.397500E-03,-21.851703E-03
+1.400000E-03,-24.112699E-03
+1.402500E-03,-27.030413E-03
+1.405000E-03,-29.432688E-03
+1.407500E-03,-31.324169E-03
+1.410000E-03,-33.962205E-03
+1.412500E-03,-35.953671E-03
+1.415000E-03,-38.526168E-03
+1.417500E-03,-40.428966E-03
+1.420000E-03,-42.272246E-03
+1.422500E-03,-44.747955E-03
+1.425000E-03,-45.894313E-03
+1.427500E-03,-47.966917E-03
+1.430000E-03,-49.941739E-03
+1.432500E-03,-51.930433E-03
+1.435000E-03,-54.545906E-03
+1.437500E-03,-56.493509E-03
+1.440000E-03,-57.947707E-03
+1.442500E-03,-60.083438E-03
+1.445000E-03,-61.248587E-03
+1.447500E-03,-63.302554E-03
+1.450000E-03,-63.576006E-03
+1.452500E-03,-66.075743E-03
+1.455000E-03,-67.078103E-03
+1.457500E-03,-68.468431E-03
+1.460000E-03,-69.860450E-03
+1.462500E-03,-70.705617E-03
+1.465000E-03,-71.866883E-03
+1.467500E-03,-72.687030E-03
+1.470000E-03,-73.855797E-03
+1.472500E-03,-75.168505E-03
+1.475000E-03,-74.960847E-03
+1.477500E-03,-75.321655E-03
+1.480000E-03,-76.132436E-03
+1.482500E-03,-75.934625E-03
+1.485000E-03,-76.675511E-03
+1.487500E-03,-76.672691E-03
+1.490000E-03,-76.515389E-03
+1.492500E-03,-76.876302E-03
+1.495000E-03,-77.399942E-03
+1.497500E-03,-76.201318E-03
+1.500000E-03,-75.730857E-03
+1.502500E-03,-75.673250E-03
+1.505000E-03,-74.866519E-03
+1.507500E-03,-74.542704E-03
+1.510000E-03,-73.930751E-03
+1.512500E-03,-73.280680E-03
+1.515000E-03,-72.648859E-03
+1.517500E-03,-71.819497E-03
+1.520000E-03,-70.359880E-03
+1.522500E-03,-69.533226E-03
+1.525000E-03,-68.569788E-03
+1.527500E-03,-67.356501E-03
+1.530000E-03,-66.238410E-03
+1.532500E-03,-65.039367E-03
+1.535000E-03,-63.575419E-03
+1.537500E-03,-62.083421E-03
+1.540000E-03,-60.767956E-03
+1.542500E-03,-59.322796E-03
+1.545000E-03,-57.764571E-03
+1.547500E-03,-56.128591E-03
+1.550000E-03,-54.812690E-03
+1.552500E-03,-53.205525E-03
+1.555000E-03,-51.299118E-03
+1.557500E-03,-48.666826E-03
+1.560000E-03,-48.176163E-03
+1.562500E-03,-45.657703E-03
+1.565000E-03,-43.804138E-03
+1.567500E-03,-42.906556E-03
+1.570000E-03,-41.188976E-03
+1.572500E-03,-39.564461E-03
+1.575000E-03,-38.386807E-03
+1.577500E-03,-36.844832E-03
+1.580000E-03,-35.017053E-03
+1.582500E-03,-33.421962E-03
+1.585000E-03,-31.555665E-03
+1.587500E-03,-29.231655E-03
+1.590000E-03,-28.013339E-03
+1.592500E-03,-25.846198E-03
+1.595000E-03,-24.162836E-03
+1.597500E-03,-22.454348E-03
+1.600000E-03,-20.752087E-03
+1.602500E-03,-19.363896E-03
+1.605000E-03,-17.470163E-03
+1.607500E-03,-16.012152E-03
+1.610000E-03,-14.181679E-03
+1.612500E-03,-12.774476E-03
+1.615000E-03,-10.544633E-03
+1.617500E-03,-9.212303E-03
+1.620000E-03,-7.024351E-03
+1.622500E-03,-5.315360E-03
+1.625000E-03,-4.199962E-03
+1.627500E-03,-2.143249E-03
+1.630000E-03,"-0,814507"
+1.632500E-03,"-0,042512"
+1.635000E-03,+1.229923E-03
+1.637500E-03,+2.850977E-03
+1.640000E-03,+3.893015E-03
+1.642500E-03,+5.346766E-03
+1.645000E-03,+6.820772E-03
+1.647500E-03,+7.743517E-03
+1.650000E-03,+9.790747E-03
+1.652500E-03,+11.063694E-03
+1.655000E-03,+11.572545E-03
+1.657500E-03,+13.325002E-03
+1.660000E-03,+13.899297E-03
+1.662500E-03,+15.130453E-03
+1.665000E-03,+16.213882E-03
+1.667500E-03,+17.140958E-03
+1.670000E-03,+17.721989E-03
+1.672500E-03,+18.403123E-03
+1.675000E-03,+19.150896E-03
+1.677500E-03,+19.181561E-03
+1.680000E-03,+20.375314E-03
+1.682500E-03,+20.378283E-03
+1.685000E-03,+21.201147E-03
+1.687500E-03,+21.396443E-03
+1.690000E-03,+21.763619E-03
+1.692500E-03,+21.546452E-03
+1.695000E-03,+22.991003E-03
+1.697500E-03,+22.109155E-03
+1.700000E-03,+22.824257E-03
+1.702500E-03,+23.267671E-03
+1.705000E-03,+22.749570E-03
+1.707500E-03,+22.796623E-03
+1.710000E-03,+23.336247E-03
+1.712500E-03,+22.228849E-03
+1.715000E-03,+22.221932E-03
+1.717500E-03,+21.971023E-03
+1.720000E-03,+21.600478E-03
+1.722500E-03,+21.169158E-03
+1.725000E-03,+21.788920E-03
+1.727500E-03,+20.786514E-03
+1.730000E-03,+20.559860E-03
+1.732500E-03,+19.804055E-03
+1.735000E-03,+19.209880E-03
+1.737500E-03,+18.977643E-03
+1.740000E-03,+18.651709E-03
+1.742500E-03,+17.645342E-03
+1.745000E-03,+17.108690E-03
+1.747500E-03,+16.854644E-03
+1.750000E-03,+15.585624E-03
+1.752500E-03,+14.982609E-03
+1.755000E-03,+13.786469E-03
+1.757500E-03,+12.670816E-03
+1.760000E-03,+11.869585E-03
+1.762500E-03,+10.827693E-03
+1.765000E-03,+10.192154E-03
+1.767500E-03,+9.179000E-03
+1.770000E-03,+6.875923E-03
+1.772500E-03,+6.264899E-03
+1.775000E-03,+5.832795E-03
+1.777500E-03,+4.442053E-03
+1.780000E-03,+3.436968E-03
+1.782500E-03,+2.485749E-03
+1.785000E-03,+1.116343E-03
+1.787500E-03,"0,195998"
+1.790000E-03,"-0,824435"
+1.792500E-03,-2.184003E-03
+1.795000E-03,-3.327516E-03
+1.797500E-03,-4.128336E-03
+1.800000E-03,-5.755399E-03
+1.802500E-03,-6.157528E-03
+1.805000E-03,-7.859313E-03
+1.807500E-03,-9.194707E-03
+1.810000E-03,-10.030672E-03
+1.812500E-03,-11.032676E-03
+1.815000E-03,-13.633299E-03
+1.817500E-03,-14.169104E-03
+1.820000E-03,-15.752557E-03
+1.822500E-03,-16.885753E-03
+1.825000E-03,-17.784533E-03
+1.827500E-03,-18.353061E-03
+1.830000E-03,-19.816329E-03
+1.832500E-03,-20.413543E-03
+1.835000E-03,-21.518590E-03
+1.837500E-03,-22.825544E-03
+1.840000E-03,-23.516017E-03
+1.842500E-03,-24.432862E-03
+1.845000E-03,-25.133781E-03
+1.847500E-03,-26.013178E-03
+1.850000E-03,-27.221866E-03
+1.852500E-03,-27.898508E-03
+1.855000E-03,-28.827734E-03
+1.857500E-03,-29.192419E-03
+1.860000E-03,-31.264618E-03
+1.862500E-03,-31.697186E-03
+1.865000E-03,-32.891624E-03
+1.867500E-03,-33.824475E-03
+1.870000E-03,-34.222554E-03
+1.872500E-03,-35.572630E-03
+1.875000E-03,-35.608274E-03
+1.877500E-03,-36.590949E-03
+1.880000E-03,-37.246624E-03
+1.882500E-03,-37.464309E-03
+1.885000E-03,-37.828081E-03
+1.887500E-03,-38.292783E-03
+1.890000E-03,-38.758035E-03
+1.892500E-03,-39.200813E-03
+1.895000E-03,-39.467834E-03
+1.897500E-03,-39.891707E-03
+1.900000E-03,-39.722109E-03
+1.902500E-03,-40.909110E-03
+1.905000E-03,-40.522619E-03
+1.907500E-03,-40.482036E-03
+1.910000E-03,-40.965704E-03
+1.912500E-03,-41.386990E-03
+1.915000E-03,-41.016141E-03
+1.917500E-03,-41.292708E-03
+1.920000E-03,-41.025439E-03
+1.922500E-03,-41.710545E-03
+1.925000E-03,-40.506790E-03
+1.927500E-03,-40.314959E-03
+1.930000E-03,-40.981655E-03
+1.932500E-03,-40.739511E-03
+1.935000E-03,-40.569727E-03
+1.937500E-03,-40.475878E-03
+1.940000E-03,-40.447301E-03
+1.942500E-03,-39.979647E-03
+1.945000E-03,-40.189576E-03
+1.947500E-03,-39.989319E-03
+1.950000E-03,-39.455088E-03
+1.952500E-03,-38.761242E-03
+1.955000E-03,-38.460359E-03
+1.957500E-03,-38.490954E-03
+1.960000E-03,-37.469350E-03
+1.962500E-03,-37.335426E-03
+1.965000E-03,-36.910491E-03
+1.967500E-03,-36.866396E-03
+1.970000E-03,-35.554083E-03
+1.972500E-03,-35.846670E-03
+1.975000E-03,-34.335929E-03
+1.977500E-03,-33.827136E-03
+1.980000E-03,-33.411933E-03
+1.982500E-03,-32.643028E-03
+1.985000E-03,-31.329268E-03
+1.987500E-03,-31.477575E-03
+1.990000E-03,-30.979023E-03
+1.992500E-03,-29.561872E-03
+1.995000E-03,-28.684793E-03
+1.997500E-03,-28.151316E-03
+2.000000E-03,-26.814136E-03
+2.002500E-03,-26.524685E-03
+2.005000E-03,-25.642654E-03
+2.007500E-03,-25.171422E-03
+2.010000E-03,-23.889189E-03
+2.012500E-03,-23.484165E-03
+2.015000E-03,-22.351071E-03
+2.017500E-03,-22.171860E-03
+2.020000E-03,-21.379702E-03
+2.022500E-03,-20.689384E-03
+2.025000E-03,-19.935360E-03
+2.027500E-03,-19.639495E-03
+2.030000E-03,-19.199924E-03
+2.032500E-03,-18.393722E-03
+2.035000E-03,-17.429206E-03
+2.037500E-03,-16.276888E-03
+2.040000E-03,-15.742776E-03
+2.042500E-03,-15.104957E-03
+2.045000E-03,-14.141338E-03
+2.047500E-03,-13.830666E-03
+2.050000E-03,-12.429077E-03
+2.052500E-03,-12.344406E-03
+2.055000E-03,-11.465074E-03
+2.057500E-03,-10.431718E-03
+2.060000E-03,-9.834210E-03
+2.062500E-03,-9.225494E-03
+2.065000E-03,-8.016000E-03
+2.067500E-03,-7.755709E-03
+2.070000E-03,-7.375748E-03
+2.072500E-03,-6.436419E-03
+2.075000E-03,-6.414304E-03
+2.077500E-03,-5.899228E-03
+2.080000E-03,-4.828832E-03
+2.082500E-03,-4.323049E-03
+2.085000E-03,-3.783172E-03
+2.087500E-03,-3.070298E-03
+2.090000E-03,-2.705976E-03
+2.092500E-03,-2.899984E-03
+2.095000E-03,-2.369921E-03
+2.097500E-03,-1.916878E-03
+2.100000E-03,-1.483591E-03
+2.102500E-03,-1.443284E-03
+2.105000E-03,"-0,918002"
+2.107500E-03,"-0,479284"
+2.110000E-03,"-0,441073"
+2.112500E-03,"-0,337691"
+2.115000E-03,"0,117776"
+2.117500E-03,"0,259764"
+2.120000E-03,"0,331082"
+2.122500E-03,"0,591629"
+2.125000E-03,"0,510167"
+2.127500E-03,"0,060718"
+2.130000E-03,"0,710843"
+2.132500E-03,"0,896407"
+2.135000E-03,"0,745917"
+2.137500E-03,+1.341859E-03
+2.140000E-03,"0,902952"
+2.142500E-03,"0,400109"
+2.145000E-03,"0,601643"
+2.147500E-03,"0,259439"
+2.150000E-03,"0,228429"
+2.152500E-03,"0,8084"
+2.155000E-03,"-0,132817"
+2.157500E-03,"0,394556"
+2.160000E-03,"-0,098999"
+2.162500E-03,"-0,086768"
+2.165000E-03,"-0,554268"
+2.167500E-03,-1.006196E-03
+2.170000E-03,-1.543190E-03
+2.172500E-03,-1.063061E-03
+2.175000E-03,-1.688462E-03
+2.177500E-03,-2.046435E-03
+2.180000E-03,-1.879911E-03
+2.182500E-03,-1.920741E-03
+2.185000E-03,-2.356897E-03
+2.187500E-03,-2.787910E-03
+2.190000E-03,-3.403019E-03
+2.192500E-03,-4.157257E-03
+2.195000E-03,-4.244862E-03
+2.197500E-03,-4.606244E-03
+2.200000E-03,-5.299601E-03
+2.202500E-03,-6.046618E-03
+2.205000E-03,-5.946788E-03
+2.207500E-03,-6.669418E-03
+2.210000E-03,-7.213030E-03
+2.212500E-03,-7.405017E-03
+2.215000E-03,-8.048053E-03
+2.217500E-03,-8.381170E-03
+2.220000E-03,-9.376638E-03
+2.222500E-03,-10.033180E-03
+2.225000E-03,-10.827846E-03
+2.227500E-03,-10.558084E-03
+2.230000E-03,-11.053774E-03
+2.232500E-03,-12.357030E-03
+2.235000E-03,-12.523555E-03
+2.237500E-03,-13.466106E-03
+2.240000E-03,-13.647112E-03
+2.242500E-03,-14.756799E-03
+2.245000E-03,-14.797629E-03
+2.247500E-03,-15.203052E-03
+2.250000E-03,-15.899811E-03
+2.252500E-03,-16.267410E-03
+2.255000E-03,-16.499549E-03
+2.257500E-03,-17.309851E-03
+2.260000E-03,-18.351607E-03
+2.262500E-03,-18.459690E-03
+2.265000E-03,-18.720026E-03
+2.267500E-03,-19.141428E-03
+2.270000E-03,-19.637591E-03
+2.272500E-03,-20.023006E-03
+2.275000E-03,-20.265321E-03
+2.277500E-03,-20.237192E-03
+2.280000E-03,-21.370642E-03
+2.282500E-03,-21.354801E-03
+2.285000E-03,-21.553078E-03
+2.287500E-03,-21.992156E-03
+2.290000E-03,-22.878592E-03
+2.292500E-03,-23.022858E-03
+2.295000E-03,-22.288209E-03
+2.297500E-03,-23.265106E-03
+2.300000E-03,-23.814799E-03
+2.302500E-03,-24.156306E-03
+2.305000E-03,-24.181916E-03
+2.307500E-03,-24.458228E-03
+2.310000E-03,-24.442871E-03
+2.312500E-03,-25.086646E-03
+2.315000E-03,-24.806222E-03
+2.317500E-03,-25.956761E-03
+2.320000E-03,-25.325202E-03
+2.322500E-03,-25.937082E-03
+2.325000E-03,-25.557475E-03
+2.327500E-03,-26.192036E-03
+2.330000E-03,-26.310895E-03
+2.332500E-03,-27.100397E-03
+2.335000E-03,-27.001500E-03
+2.337500E-03,-26.844884E-03
+2.340000E-03,-26.870498E-03
+2.342500E-03,-26.996196E-03
+2.345000E-03,-27.177518E-03
+2.347500E-03,-26.904206E-03
+2.350000E-03,-26.939805E-03
+2.352500E-03,-26.647439E-03
+2.355000E-03,-27.221346E-03
+2.357500E-03,-26.647228E-03
+2.360000E-03,-27.052379E-03
+2.362500E-03,-26.750872E-03
+2.365000E-03,-26.924384E-03
+2.367500E-03,-26.581203E-03
+2.370000E-03,-26.760434E-03
+2.372500E-03,-26.041213E-03
+2.375000E-03,-26.264203E-03
+2.377500E-03,-26.255205E-03
+2.380000E-03,-25.818082E-03
+2.382500E-03,-25.940216E-03
+2.385000E-03,-25.912869E-03
+2.387500E-03,-24.945816E-03
+2.390000E-03,-25.224135E-03
+2.392500E-03,-25.062023E-03
+2.395000E-03,-24.584211E-03
+2.397500E-03,-24.640176E-03
+2.400000E-03,-24.663013E-03
+2.402500E-03,-24.081699E-03
+2.405000E-03,-23.817383E-03
+2.407500E-03,-23.606955E-03
+2.410000E-03,-23.261692E-03
+2.412500E-03,-23.185388E-03
+2.415000E-03,-22.843978E-03
+2.417500E-03,-22.564099E-03
+2.420000E-03,-22.523769E-03
+2.422500E-03,-21.650011E-03
+2.425000E-03,-21.662502E-03
+2.427500E-03,-21.424237E-03
+2.430000E-03,-21.245002E-03
+2.432500E-03,-20.955986E-03
+2.435000E-03,-20.560329E-03
+2.437500E-03,-20.374812E-03
+2.440000E-03,-19.954172E-03
+2.442500E-03,-19.914277E-03
+2.445000E-03,-19.467435E-03
+2.447500E-03,-19.476785E-03
+2.450000E-03,-19.040155E-03
+2.452500E-03,-18.393098E-03
+2.455000E-03,-18.044119E-03
+2.457500E-03,-17.806146E-03
+2.460000E-03,-17.288219E-03
+2.462500E-03,-17.093495E-03
+2.465000E-03,-16.999058E-03
+2.467500E-03,-16.254277E-03
+2.470000E-03,-16.437016E-03
+2.472500E-03,-15.717144E-03
+2.475000E-03,-14.862872E-03
+2.477500E-03,-15.491157E-03
+2.480000E-03,-14.790853E-03
+2.482500E-03,-13.974851E-03
+2.485000E-03,-14.625122E-03
+2.487500E-03,-14.093543E-03
+2.490000E-03,-13.711323E-03
+2.492500E-03,-13.035417E-03
+2.495000E-03,-13.213781E-03
+2.497500E-03,-12.896278E-03
+2.500000E-03,-12.680517E-03
+2.502500E-03,-11.584923E-03
+2.505000E-03,-11.096799E-03
+2.507500E-03,-11.483105E-03
+2.510000E-03,-10.780830E-03
+2.512500E-03,-10.702240E-03
+2.515000E-03,-10.353988E-03
+2.517500E-03,-10.639133E-03
+2.520000E-03,-10.290368E-03
+2.522500E-03,-10.340399E-03
+2.525000E-03,-9.571367E-03
+2.527500E-03,-9.846426E-03
+2.530000E-03,-9.147299E-03
+2.532500E-03,-8.785750E-03
+2.535000E-03,-9.084117E-03
+2.537500E-03,-9.021966E-03
+2.540000E-03,-8.879602E-03
+2.542500E-03,-8.820887E-03
+2.545000E-03,-8.688239E-03
+2.547500E-03,-7.824767E-03
+2.550000E-03,-8.346493E-03
+2.552500E-03,-8.148703E-03
+2.555000E-03,-7.844277E-03
+2.557500E-03,-8.311724E-03
+2.560000E-03,-8.387397E-03
+2.562500E-03,-8.126644E-03
+2.565000E-03,-9.439978E-03
+2.567500E-03,-8.340435E-03
+2.570000E-03,-8.082377E-03
+2.572500E-03,-8.754711E-03
+2.575000E-03,-8.267828E-03
+2.577500E-03,-7.855651E-03
+2.580000E-03,-8.676193E-03
+2.582500E-03,-8.557518E-03
+2.585000E-03,-8.229990E-03
+2.587500E-03,-9.100636E-03
+2.590000E-03,-8.554154E-03
+2.592500E-03,-8.669837E-03
+2.595000E-03,-9.496441E-03
+2.597500E-03,-8.903297E-03
+2.600000E-03,-9.021596E-03
+2.602500E-03,-9.124415E-03
+2.605000E-03,-8.928575E-03
+2.607500E-03,-9.894486E-03
+2.610000E-03,-10.668601E-03
+2.612500E-03,-9.807448E-03
+2.615000E-03,-9.960666E-03
+2.617500E-03,-10.429383E-03
+2.620000E-03,-10.255290E-03
+2.622500E-03,-10.824133E-03
+2.625000E-03,-10.717801E-03
+2.627500E-03,-10.446343E-03
+2.630000E-03,-11.588078E-03
+2.632500E-03,-11.219786E-03
+2.635000E-03,-11.625012E-03
+2.637500E-03,-12.303025E-03
+2.640000E-03,-12.222350E-03
+2.642500E-03,-11.988878E-03
+2.645000E-03,-12.567373E-03
+2.647500E-03,-12.728459E-03
+2.650000E-03,-13.041316E-03
+2.652500E-03,-13.584961E-03
+2.655000E-03,-13.124037E-03
+2.657500E-03,-13.996773E-03
+2.660000E-03,-14.201527E-03
+2.662500E-03,-14.549918E-03
+2.665000E-03,-15.073197E-03
+2.667500E-03,-14.879083E-03
+2.670000E-03,-15.183655E-03
+2.672500E-03,-15.494966E-03
+2.675000E-03,-15.884566E-03
+2.677500E-03,-15.787052E-03
+2.680000E-03,-15.914751E-03
+2.682500E-03,-16.219704E-03
+2.685000E-03,-16.515313E-03
+2.687500E-03,-16.763505E-03
+2.690000E-03,-16.527952E-03
+2.692500E-03,-17.052526E-03
+2.695000E-03,-17.303245E-03
+2.697500E-03,-17.483187E-03
+2.700000E-03,-17.878147E-03
+2.702500E-03,-17.764928E-03
+2.705000E-03,-18.204857E-03
+2.707500E-03,-17.937589E-03
+2.710000E-03,-18.877737E-03
+2.712500E-03,-18.773093E-03
+2.715000E-03,-18.685770E-03
+2.717500E-03,-18.908914E-03
+2.720000E-03,-18.937180E-03
+2.722500E-03,-18.584727E-03
+2.725000E-03,-19.134504E-03
+2.727500E-03,-19.634030E-03
+2.730000E-03,-19.703049E-03
+2.732500E-03,-19.709175E-03
+2.735000E-03,-20.193773E-03
+2.737500E-03,-20.265544E-03
+2.740000E-03,-20.391405E-03
+2.742500E-03,-20.293811E-03
+2.745000E-03,-20.243482E-03
+2.747500E-03,-20.175008E-03
+2.750000E-03,-20.453987E-03
+2.752500E-03,-20.714354E-03
+2.755000E-03,-20.660962E-03
+2.757500E-03,-20.457128E-03
+2.760000E-03,-20.253138E-03
+2.762500E-03,-20.861811E-03
+2.765000E-03,-20.554880E-03
+2.767500E-03,-21.182943E-03
+2.770000E-03,-20.972438E-03
+2.772500E-03,-20.405939E-03
+2.775000E-03,-21.113066E-03
+2.777500E-03,-20.626962E-03
+2.780000E-03,-21.115971E-03
+2.782500E-03,-20.707993E-03
+2.785000E-03,-20.551115E-03
+2.787500E-03,-20.862280E-03
+2.790000E-03,-20.927371E-03
+2.792500E-03,-20.858746E-03
+2.795000E-03,-20.855920E-03
+2.797500E-03,-21.081972E-03
+2.800000E-03,-20.987830E-03
+2.802500E-03,-20.550484E-03
+2.805000E-03,-20.564150E-03
+2.807500E-03,-20.664180E-03
+2.810000E-03,-20.560300E-03
+2.812500E-03,-20.532428E-03
+2.815000E-03,-20.601998E-03
+2.817500E-03,-20.325221E-03
+2.820000E-03,-20.347601E-03
+2.822500E-03,-19.954380E-03
+2.825000E-03,-20.013895E-03
+2.827500E-03,-19.841791E-03
+2.830000E-03,-19.756516E-03
+2.832500E-03,-19.913313E-03
+2.835000E-03,-19.938677E-03
+2.837500E-03,-19.684598E-03
+2.840000E-03,-19.389610E-03
+2.842500E-03,-19.709007E-03
+2.845000E-03,-19.373191E-03
+2.847500E-03,-19.108654E-03
+2.850000E-03,-18.961997E-03
+2.852500E-03,-18.680132E-03
+2.855000E-03,-19.065162E-03
+2.857500E-03,-18.359861E-03
+2.860000E-03,-18.258400E-03
+2.862500E-03,-18.711221E-03
+2.865000E-03,-18.114407E-03
+2.867500E-03,-18.284166E-03
+2.870000E-03,-17.890857E-03
+2.872500E-03,-18.085661E-03
+2.875000E-03,-17.705876E-03
+2.877500E-03,-17.648541E-03
+2.880000E-03,-17.448499E-03
+2.882500E-03,-17.449062E-03
+2.885000E-03,-17.740585E-03
+2.887500E-03,-16.873993E-03
+2.890000E-03,-16.688208E-03
+2.892500E-03,-16.911198E-03
+2.895000E-03,-16.367212E-03
+2.897500E-03,-16.606470E-03
+2.900000E-03,-16.354971E-03
+2.902500E-03,-16.349174E-03
+2.905000E-03,-16.377279E-03
+2.907500E-03,-15.899811E-03
+2.910000E-03,-15.817830E-03
+2.912500E-03,-15.475088E-03
+2.915000E-03,-15.394077E-03
+2.917500E-03,-15.438452E-03
+2.920000E-03,-15.193153E-03
+2.922500E-03,-15.168676E-03
+2.925000E-03,-14.485683E-03
+2.927500E-03,-14.736127E-03
+2.930000E-03,-14.733960E-03
+2.932500E-03,-14.562116E-03
+2.935000E-03,-13.934219E-03
+2.937500E-03,-14.486658E-03
+2.940000E-03,-14.159943E-03
+2.942500E-03,-14.190698E-03
+2.945000E-03,-14.216639E-03
+2.947500E-03,-13.821237E-03
+2.950000E-03,-13.952249E-03
+2.952500E-03,-13.259215E-03
+2.955000E-03,-13.663957E-03
+2.957500E-03,-13.383535E-03
+2.960000E-03,-13.151696E-03
+2.962500E-03,-12.947223E-03
+2.965000E-03,-13.647353E-03
+2.967500E-03,-12.907623E-03
+2.970000E-03,-12.868622E-03
+2.972500E-03,-13.450473E-03
+2.975000E-03,-12.916143E-03
+2.977500E-03,-13.380392E-03
+2.980000E-03,-13.127064E-03
+2.982500E-03,-12.652077E-03
+2.985000E-03,-12.397104E-03
+2.987500E-03,-13.323940E-03
+2.990000E-03,-12.793326E-03
+2.992500E-03,-12.962841E-03
+2.995000E-03,-13.336832E-03
+2.997500E-03,-12.834980E-03
+3.000000E-03,-13.072600E-03
+3.002500E-03,-12.962427E-03
+3.005000E-03,-12.897878E-03
+3.007500E-03,-12.639678E-03
+3.010000E-03,-13.158226E-03
+3.012500E-03,-12.853826E-03
+3.015000E-03,-12.690261E-03
+3.017500E-03,-13.211535E-03
+3.020000E-03,-12.959947E-03
+3.022500E-03,-13.013837E-03
+3.025000E-03,-13.277656E-03
+3.027500E-03,-13.094914E-03
+3.030000E-03,-13.334189E-03
+3.032500E-03,-12.959530E-03
+3.035000E-03,-13.276075E-03
+3.037500E-03,-12.979207E-03
+3.040000E-03,-13.280965E-03
+3.042500E-03,-13.735700E-03
+3.045000E-03,-14.096380E-03
+3.047500E-03,-13.441309E-03
+3.050000E-03,-13.497006E-03
+3.052500E-03,-13.914720E-03
+3.055000E-03,-14.056135E-03
+3.057500E-03,-14.021168E-03
+3.060000E-03,-14.489133E-03
+3.062500E-03,-15.270581E-03
+3.065000E-03,-15.093322E-03
+3.067500E-03,-14.533186E-03
+3.070000E-03,-14.596000E-03
+3.072500E-03,-14.743864E-03
+3.075000E-03,-14.596167E-03
+3.077500E-03,-14.646755E-03
+3.080000E-03,-14.634192E-03
+3.082500E-03,-15.249770E-03
+3.085000E-03,-15.128125E-03
+3.087500E-03,-14.848434E-03
+3.090000E-03,-15.585741E-03
+3.092500E-03,-15.413846E-03
+3.095000E-03,-15.591938E-03
+3.097500E-03,-15.645499E-03
+3.100000E-03,-15.411988E-03
+3.102500E-03,-16.320158E-03
+3.105000E-03,-16.238500E-03
+3.107500E-03,-15.742776E-03
+3.110000E-03,-16.090462E-03
+3.112500E-03,-16.386960E-03
+3.115000E-03,-16.270245E-03
+3.117500E-03,-16.606470E-03
+3.120000E-03,-16.553163E-03
+3.122500E-03,-16.839392E-03
+3.125000E-03,-16.606895E-03
+3.127500E-03,-16.486868E-03
+3.130000E-03,-16.867063E-03
+3.132500E-03,-17.002369E-03
+3.135000E-03,-16.848559E-03
+3.137500E-03,-17.345132E-03
+3.140000E-03,-17.431451E-03
+3.142500E-03,-17.567354E-03
+3.145000E-03,-17.426364E-03
+3.147500E-03,-17.602329E-03
+3.150000E-03,-17.392501E-03
+3.152500E-03,-18.035918E-03
+3.155000E-03,-17.746031E-03
+3.157500E-03,-18.001199E-03
+3.160000E-03,-17.183159E-03
+3.162500E-03,-18.208571E-03
+3.165000E-03,-18.089053E-03
+3.167500E-03,-18.157290E-03
+3.170000E-03,-18.148297E-03
+3.172500E-03,-17.922940E-03
+3.175000E-03,-17.736951E-03
+3.177500E-03,-17.683559E-03
+3.180000E-03,-18.170884E-03
+3.182500E-03,-18.289198E-03
+3.185000E-03,-18.612604E-03
+3.187500E-03,-18.176735E-03
+3.190000E-03,-18.053557E-03
+3.192500E-03,-18.569409E-03
+3.195000E-03,-17.947896E-03
+3.197500E-03,-18.427646E-03
+3.200000E-03,-18.647062E-03
+3.202500E-03,-17.944496E-03
+3.205000E-03,-18.726445E-03
+3.207500E-03,-18.368578E-03
+3.210000E-03,-18.437240E-03
+3.212500E-03,-18.397278E-03
+3.215000E-03,-18.233614E-03
+3.217500E-03,-18.885579E-03
+3.220000E-03,-18.792573E-03
+3.222500E-03,-18.509649E-03
+3.225000E-03,-18.427817E-03
+3.227500E-03,-18.710306E-03
+3.230000E-03,-17.872521E-03
+3.232500E-03,-17.862751E-03
+3.235000E-03,-18.249232E-03
+3.237500E-03,-18.051019E-03
+3.240000E-03,-17.806393E-03
+3.242500E-03,-18.116101E-03
+3.245000E-03,-17.994573E-03
+3.247500E-03,-17.715750E-03
+3.250000E-03,-18.725745E-03
+3.252500E-03,-18.114445E-03
+3.255000E-03,-17.652236E-03
+3.257500E-03,-17.982185E-03
+3.260000E-03,-17.762424E-03
+3.262500E-03,-17.564034E-03
+3.265000E-03,-17.875665E-03
+3.267500E-03,-17.502009E-03
+3.270000E-03,-17.313128E-03
+3.272500E-03,-18.000591E-03
+3.275000E-03,-17.266105E-03
+3.277500E-03,-17.353781E-03
+3.280000E-03,-17.200679E-03
+3.282500E-03,-17.313128E-03
+3.285000E-03,-17.193605E-03
+3.287500E-03,-17.532360E-03
+3.290000E-03,-17.260001E-03
+3.292500E-03,-17.234610E-03
+3.295000E-03,-17.056120E-03
+3.297500E-03,-17.373331E-03
+3.300000E-03,-17.329185E-03
+3.302500E-03,-17.317242E-03
+3.305000E-03,-16.603506E-03
+3.307500E-03,-16.917665E-03
+3.310000E-03,-16.776156E-03
+3.312500E-03,-16.449169E-03
+3.315000E-03,-17.077575E-03
+3.317500E-03,-16.763505E-03
+3.320000E-03,-16.176282E-03
+3.322500E-03,-16.342562E-03
+3.325000E-03,-16.527063E-03
+3.327500E-03,-15.811605E-03
+3.330000E-03,-16.688840E-03
+3.332500E-03,-16.144430E-03
+3.335000E-03,-15.915070E-03
+3.337500E-03,-16.010271E-03
+3.340000E-03,-16.016196E-03
+3.342500E-03,-16.122623E-03
+3.345000E-03,-15.906004E-03
+3.347500E-03,-15.604496E-03
+3.350000E-03,-15.931576E-03
+3.352500E-03,-15.943692E-03
+3.355000E-03,-15.887517E-03
+3.357500E-03,-15.949794E-03
+3.360000E-03,-15.812140E-03
+3.362500E-03,-15.319408E-03
+3.365000E-03,-15.434718E-03
+3.367500E-03,-15.027234E-03
+3.370000E-03,-15.027504E-03
+3.372500E-03,-15.920270E-03
+3.375000E-03,-14.644698E-03
+3.377500E-03,-14.991339E-03
+3.380000E-03,-15.139671E-03
+3.382500E-03,-15.145593E-03
+3.385000E-03,-14.831072E-03
+3.387500E-03,-14.957150E-03
+3.390000E-03,-15.716929E-03
+3.392500E-03,-14.662194E-03
+3.395000E-03,-14.944767E-03
+3.397500E-03,-15.089781E-03
+3.400000E-03,-14.565464E-03
+3.402500E-03,-14.816721E-03
+3.405000E-03,-14.997887E-03
+3.407500E-03,-14.775801E-03
+3.410000E-03,-15.189650E-03
+3.412500E-03,-14.753364E-03
+3.415000E-03,-14.754361E-03
+3.417500E-03,-14.869298E-03
+3.420000E-03,-13.903503E-03
+3.422500E-03,-14.193774E-03
+3.425000E-03,-14.847857E-03
+3.427500E-03,-14.307293E-03
+3.430000E-03,-15.030200E-03
+3.432500E-03,-15.058467E-03
+3.435000E-03,-14.797971E-03
+3.437500E-03,-14.643803E-03
+3.440000E-03,-15.146954E-03
+3.442500E-03,-14.561598E-03
+3.445000E-03,-14.708755E-03
+3.447500E-03,-15.286918E-03
+3.450000E-03,-14.801022E-03
+3.452500E-03,-15.164065E-03
+3.455000E-03,-14.624869E-03
+3.457500E-03,-14.517445E-03
+3.460000E-03,-15.256425E-03
+3.462500E-03,-15.193611E-03
+3.465000E-03,-14.765468E-03
+3.467500E-03,-14.944854E-03
+3.470000E-03,-14.891462E-03
+3.472500E-03,-15.170893E-03
+3.475000E-03,-14.973029E-03
+3.477500E-03,-15.532625E-03
+3.480000E-03,-14.712258E-03
+3.482500E-03,-15.859350E-03
+3.485000E-03,-15.084148E-03
+3.487500E-03,-14.879083E-03
+3.490000E-03,-15.839309E-03
+3.492500E-03,-15.181327E-03
+3.495000E-03,-15.453924E-03
+3.497500E-03,-15.431293E-03
+3.500000E-03,-14.958707E-03
+3.502500E-03,-15.226870E-03
+3.505000E-03,-15.528839E-03
+3.507500E-03,-15.080365E-03
+3.510000E-03,-15.720976E-03
+3.512500E-03,-15.868682E-03
+3.515000E-03,-15.231952E-03
+3.517500E-03,-15.540660E-03
+3.520000E-03,-15.063272E-03
+3.522500E-03,-15.955139E-03
+3.525000E-03,-16.166400E-03
+3.527500E-03,-16.091951E-03
+3.530000E-03,-15.585741E-03
+3.532500E-03,-15.961697E-03
+3.535000E-03,-16.456459E-03
+3.537500E-03,-15.946550E-03
+3.540000E-03,-16.624942E-03
+3.542500E-03,-16.304683E-03
+3.545000E-03,-16.097303E-03
+3.547500E-03,-16.742172E-03
+3.550000E-03,-16.214348E-03
+3.552500E-03,-16.242055E-03
+3.555000E-03,-16.327227E-03
+3.557500E-03,-15.935946E-03
+3.560000E-03,-16.069503E-03
+3.562500E-03,-16.606563E-03
+3.565000E-03,-16.094254E-03
+3.567500E-03,-15.943033E-03
+3.570000E-03,-16.405184E-03
+3.572500E-03,-16.713347E-03
+3.575000E-03,-16.983260E-03
+3.577500E-03,-17.149624E-03
+3.580000E-03,-16.449434E-03
+3.582500E-03,-16.750660E-03
+3.585000E-03,-16.719441E-03
+3.587500E-03,-16.559453E-03
+3.590000E-03,-16.232820E-03
+3.592500E-03,-17.096702E-03
+3.595000E-03,-17.141801E-03
+3.597500E-03,-16.872488E-03
+3.600000E-03,-17.139730E-03
+3.602500E-03,-16.631878E-03
+3.605000E-03,-17.865232E-03
+3.607500E-03,-17.106125E-03
+3.610000E-03,-16.854208E-03
+3.612500E-03,-17.470635E-03
+3.615000E-03,-17.083573E-03
+3.617500E-03,-17.042744E-03
+3.620000E-03,-17.405930E-03
+3.622500E-03,-17.216807E-03
+3.625000E-03,-16.920919E-03
+3.627500E-03,-17.445227E-03
+3.630000E-03,-17.045694E-03
+3.632500E-03,-17.234610E-03
+3.635000E-03,-17.319694E-03
+3.637500E-03,-16.952137E-03
+3.640000E-03,-16.848494E-03
+3.642500E-03,-17.677735E-03
+3.645000E-03,-17.238416E-03
+3.647500E-03,-16.587245E-03
+3.650000E-03,-17.485201E-03
+3.652500E-03,-17.621679E-03
+3.655000E-03,-17.529551E-03
+3.657500E-03,-17.995042E-03
+3.660000E-03,-16.816229E-03
+3.662500E-03,-16.935957E-03
+3.665000E-03,-17.239278E-03
+3.667500E-03,-17.281243E-03
+3.670000E-03,-17.144199E-03
+3.672500E-03,-17.310083E-03
+3.675000E-03,-17.250696E-03
+3.677500E-03,-17.284957E-03
+3.680000E-03,-17.391646E-03
+3.682500E-03,-17.099943E-03
+3.685000E-03,-16.829364E-03
+3.687500E-03,-17.156189E-03
+3.690000E-03,-16.854489E-03
+3.692500E-03,-16.942141E-03
+3.695000E-03,-16.681655E-03
+3.697500E-03,-16.957556E-03
+3.700000E-03,-17.030176E-03
+3.702500E-03,-17.149619E-03
+3.705000E-03,-16.888652E-03
+3.707500E-03,-16.951466E-03
+3.710000E-03,-16.995050E-03
+3.712500E-03,-16.386428E-03
+3.715000E-03,-16.963931E-03
+3.717500E-03,-16.776261E-03
